{
  "image": {
    "width": 1238,
    "height": 1013
  },
  "points_px": [
    [
      417.2780533184348,
      470.3873861528081
    ],
    [
      417.4996310507674,
      524.8955083066284
    ],
    [
      380.0529942865576,
      524.4523528419631
    ],
    [
      379.8314165542249,
      513.373466225333
    ],
    [
      372.51935138724906,
      513.373466225333
    ],
    [
      371.85461819025124,
      469.5010752234777
    ]
  ],
  "points_grid": [
    [
      417,
      470
    ],
    [
      417,
      524
    ],
    [
      380,
      524
    ],
    [
      379,
      513
    ],
    [
      372,
      513
    ],
    [
      371,
      469
    ]
  ],
  "roi_cells": 2393
}