{
  "source_npz": "/home/x/Followbench2.0/Summoners_Rift-local-gridmap/OutputAnnotated/gridmap_roi.npz",
  "resolution": 0.5,
  "world_min": [
    -244.357803940773,
    -224.80575561523438
  ],
  "points_grid": [
    [
      379,
      475
    ],
    [
      411,
      480
    ],
    [
      410,
      516
    ],
    [
      383,
      506
    ]
  ],
  "points_world": [
    {
      "x": -54.60780394077301,
      "y": 12.944244384765625,
      "z": 0.5
    },
    {
      "x": -38.60780394077301,
      "y": 15.444244384765625,
      "z": 0.5
    },
    {
      "x": -39.10780394077301,
      "y": 33.444244384765625,
      "z": 0.5
    },
    {
      "x": -52.60780394077301,
      "y": 28.444244384765625,
      "z": 0.5
    }
  ],
  "usage_note": "For bidirectional mode: points[0,1]=side A, points[2,3]=side B."
}